Name,Time,Emotion
Unknown,2024-12-20 09:44:53,Sad
Unknown,2024-12-20 09:44:55,Sad
Unknown,2024-12-20 09:44:56,Sad
Unknown,2024-12-20 09:44:56,Sad
Unknown,2024-12-20 09:44:57,Sad
Unknown,2024-12-20 09:44:57,Sad
Unknown,2024-12-20 09:44:57,Sad
Unknown,2024-12-20 09:44:58,Sad
Unknown,2024-12-20 09:44:58,Sad
Unknown,2024-12-20 09:44:59,Sad
Unknown,2024-12-20 09:44:59,Sad
Unknown,2024-12-20 09:45:00,Sad
Unknown,2024-12-20 09:45:00,Sad
Unknown,2024-12-20 09:45:00,Sad
Unknown,2024-12-20 09:45:01,Sad
Unknown,2024-12-20 09:45:01,Sad
Unknown,2024-12-20 09:45:02,Sad
Unknown,2024-12-20 09:45:02,Sad
Unknown,2024-12-20 09:45:03,Sad
Unknown,2024-12-20 09:45:03,Sad
Unknown,2024-12-20 09:45:04,Sad
Unknown,2024-12-20 09:45:04,Sad
Unknown,2024-12-20 09:45:05,Sad
Unknown,2024-12-20 09:45:05,Sad
Unknown,2024-12-20 09:45:06,Sad
Unknown,2024-12-20 09:45:06,Sad
Unknown,2024-12-20 09:45:07,Sad
Unknown,2024-12-20 09:45:07,Sad
Unknown,2024-12-20 09:45:07,Sad
Unknown,2024-12-20 09:45:08,Sad
Unknown,2024-12-20 09:45:08,Sad
Unknown,2024-12-20 09:45:09,Sad
Unknown,2024-12-20 09:45:09,Sad
Unknown,2024-12-20 09:45:10,Sad
Unknown,2024-12-20 09:45:10,Sad
Unknown,2024-12-20 09:45:10,Sad
Unknown,2024-12-20 09:45:11,Sad
Unknown,2024-12-20 09:45:12,Sad
Unknown,2024-12-20 09:45:13,Sad
Unknown,2024-12-20 09:45:13,Sad
Unknown,2024-12-20 09:45:13,Sad
Unknown,2024-12-20 09:45:14,Sad
Unknown,2024-12-20 09:45:14,Sad
Unknown,2024-12-20 09:45:15,Sad
Unknown,2024-12-20 09:45:15,Sad
Unknown,2024-12-20 09:45:16,Sad
Unknown,2024-12-20 09:45:16,Sad
Unknown,2024-12-20 09:45:17,Sad
Unknown,2024-12-20 09:45:17,Sad
Unknown,2024-12-20 09:45:17,Sad
Unknown,2024-12-20 09:45:18,Sad
Unknown,2024-12-20 09:45:18,Sad
Unknown,2024-12-20 09:45:19,Sad
Unknown,2024-12-20 09:45:19,Sad
Unknown,2024-12-20 09:45:20,Sad
Unknown,2024-12-20 09:45:21,Sad
Unknown,2024-12-20 09:45:21,Sad
Unknown,2024-12-20 09:45:22,Sad
Unknown,2024-12-20 09:45:22,Sad
Unknown,2024-12-20 09:45:23,Sad
Unknown,2024-12-20 09:45:24,Sad
Unknown,2024-12-20 09:45:24,Sad
Unknown,2024-12-20 09:45:24,Sad
Unknown,2024-12-20 09:45:25,Sad
Unknown,2024-12-20 09:45:25,Sad
Unknown,2024-12-20 09:45:26,Sad
Unknown,2024-12-20 09:45:26,Sad
Unknown,2024-12-20 09:45:27,Sad
Unknown,2024-12-20 09:45:27,Sad
Unknown,2024-12-20 09:45:27,Sad
Unknown,2024-12-20 09:45:28,Sad
Unknown,2024-12-20 09:45:28,Sad
Unknown,2024-12-20 09:45:29,Sad
Unknown,2024-12-20 09:45:29,Sad
Unknown,2024-12-20 09:45:30,Sad
Unknown,2024-12-20 09:45:30,Sad
Unknown,2024-12-20 09:45:31,Sad
Unknown,2024-12-20 09:45:31,Sad
Unknown,2024-12-20 09:45:31,Sad
Unknown,2024-12-20 09:45:32,Sad
Unknown,2024-12-20 09:45:32,Sad
Unknown,2024-12-20 09:45:33,Sad
Unknown,2024-12-20 09:45:33,Sad
Unknown,2024-12-20 09:45:34,Sad
Unknown,2024-12-20 09:45:34,Sad
Unknown,2024-12-20 09:45:35,Sad
Unknown,2024-12-20 09:45:35,Sad
Unknown,2024-12-20 09:45:35,Sad
Unknown,2024-12-20 09:45:36,Sad
Unknown,2024-12-20 09:45:36,Sad
Unknown,2024-12-20 09:45:37,Sad
Unknown,2024-12-20 09:45:37,Sad
Unknown,2024-12-20 09:45:38,Sad
Unknown,2024-12-20 09:45:38,Sad
Unknown,2024-12-20 09:45:39,Sad
Unknown,2024-12-20 09:45:39,Sad
Unknown,2024-12-20 09:45:39,Sad
Unknown,2024-12-20 09:45:40,Sad
Unknown,2024-12-20 09:45:40,Sad
Unknown,2024-12-20 09:45:41,Sad
Unknown,2024-12-20 09:45:41,Sad
Unknown,2024-12-20 09:45:42,Sad
Unknown,2024-12-20 09:45:42,Sad
Unknown,2024-12-20 09:45:43,Sad
Unknown,2024-12-20 09:45:43,Sad
Unknown,2024-12-20 09:45:44,Sad
Unknown,2024-12-20 09:45:44,Sad
Unknown,2024-12-20 09:45:45,Sad
Unknown,2024-12-20 09:45:45,Sad
Unknown,2024-12-20 09:45:46,Sad
Unknown,2024-12-20 09:45:46,Sad
Unknown,2024-12-20 09:45:47,Sad
Unknown,2024-12-20 09:45:47,Sad
Unknown,2024-12-20 09:45:48,Sad
Unknown,2024-12-20 09:45:48,Sad
Unknown,2024-12-20 09:45:48,Sad
Unknown,2024-12-20 09:45:49,Sad
Unknown,2024-12-20 09:45:49,Sad
Unknown,2024-12-20 09:45:50,Sad
Unknown,2024-12-20 09:45:50,Sad
Unknown,2024-12-20 09:45:51,Sad
Unknown,2024-12-20 09:45:51,Sad
Unknown,2024-12-20 09:45:52,Sad
Unknown,2024-12-20 09:45:52,Sad
Unknown,2024-12-20 09:45:52,Sad
Unknown,2024-12-20 09:45:53,Sad
Unknown,2024-12-20 09:45:53,Sad
Unknown,2024-12-20 09:45:54,Sad
Unknown,2024-12-20 09:45:54,Sad
Unknown,2024-12-20 09:45:55,Sad
Unknown,2024-12-20 09:45:55,Sad
Unknown,2024-12-20 09:45:56,Sad
Unknown,2024-12-20 09:45:56,Sad
Unknown,2024-12-20 09:45:57,Sad
Unknown,2024-12-20 09:45:57,Sad
Unknown,2024-12-20 09:45:58,Sad
Unknown,2024-12-20 09:45:58,Sad
Unknown,2024-12-20 09:45:58,Sad
Unknown,2024-12-20 09:45:59,Sad
Unknown,2024-12-20 09:45:59,Sad
Unknown,2024-12-20 09:46:00,Sad
Unknown,2024-12-20 09:46:00,Sad
Unknown,2024-12-20 09:46:01,Sad
Unknown,2024-12-20 09:46:01,Sad
Unknown,2024-12-20 09:46:02,Sad
Unknown,2024-12-20 09:46:02,Sad
Unknown,2024-12-20 09:46:03,Sad
Unknown,2024-12-20 09:46:03,Sad
Unknown,2024-12-20 09:46:04,Sad
Unknown,2024-12-20 09:46:04,Sad
Unknown,2024-12-20 09:46:04,Sad
Unknown,2024-12-20 09:46:05,Sad
Unknown,2024-12-20 09:46:05,Sad
Unknown,2024-12-20 09:46:06,Sad
Unknown,2024-12-20 09:46:06,Sad
Unknown,2024-12-20 09:46:07,Sad
Unknown,2024-12-20 09:46:07,Sad
Unknown,2024-12-20 09:46:08,Sad
Unknown,2024-12-20 09:46:08,Sad
Unknown,2024-12-20 09:46:09,Sad
Unknown,2024-12-20 09:46:09,Sad
Unknown,2024-12-20 09:46:10,Sad
Unknown,2024-12-20 09:46:10,Sad
Unknown,2024-12-20 09:46:10,Sad
Unknown,2024-12-20 09:46:11,Sad
Unknown,2024-12-20 09:46:11,Sad
Unknown,2024-12-20 09:46:12,Sad
Unknown,2024-12-20 09:46:12,Sad
Unknown,2024-12-20 09:46:13,Sad
Unknown,2024-12-20 09:46:13,Sad
Unknown,2024-12-20 09:46:14,Sad
Unknown,2024-12-20 09:46:14,Sad
Unknown,2024-12-20 09:46:15,Sad
Unknown,2024-12-20 09:46:15,Sad
Unknown,2024-12-20 09:46:15,Sad
Unknown,2024-12-20 09:46:16,Sad
Unknown,2024-12-20 09:46:16,Sad
Unknown,2024-12-20 09:46:17,Sad
Unknown,2024-12-20 09:46:17,Sad
Unknown,2024-12-20 09:46:18,Sad
Unknown,2024-12-20 09:46:18,Sad
Unknown,2024-12-20 09:46:19,Sad
Unknown,2024-12-20 09:46:19,Sad
Unknown,2024-12-20 09:46:19,Sad
Unknown,2024-12-20 09:46:20,Sad
Unknown,2024-12-20 09:46:20,Sad
Unknown,2024-12-20 09:46:21,Sad
Unknown,2024-12-20 09:46:21,Sad
Unknown,2024-12-20 09:46:22,Sad
Unknown,2024-12-20 09:46:22,Sad
Unknown,2024-12-20 09:46:23,Sad
Unknown,2024-12-20 09:46:23,Sad
Unknown,2024-12-20 09:46:24,Sad
Unknown,2024-12-20 09:46:24,Sad
Unknown,2024-12-20 09:46:24,Sad
Unknown,2024-12-20 09:46:25,Sad
Unknown,2024-12-20 09:46:25,Sad
Unknown,2024-12-20 09:46:26,Sad
Unknown,2024-12-20 09:46:26,Sad
Unknown,2024-12-20 09:46:27,Sad
Unknown,2024-12-20 09:46:27,Sad
Unknown,2024-12-20 09:46:28,Sad
Unknown,2024-12-20 09:46:28,Sad
Unknown,2024-12-20 09:46:28,Sad
Unknown,2024-12-20 09:46:29,Sad
Unknown,2024-12-20 09:46:29,Sad
Unknown,2024-12-20 09:46:30,Sad
Unknown,2024-12-20 09:46:30,Sad
Unknown,2024-12-20 09:46:31,Sad
Unknown,2024-12-20 09:46:31,Sad
Unknown,2024-12-20 09:46:32,Sad
Unknown,2024-12-20 09:46:32,Sad
Unknown,2024-12-20 09:46:33,Sad
Unknown,2024-12-20 09:46:33,Sad
Unknown,2024-12-20 09:46:34,Sad
Unknown,2024-12-20 09:46:34,Sad
Unknown,2024-12-20 09:46:35,Sad
Unknown,2024-12-20 09:46:35,Sad
Unknown,2024-12-20 09:46:36,Sad
Unknown,2024-12-20 09:46:36,Sad
Unknown,2024-12-20 09:46:37,Sad
Unknown,2024-12-20 09:46:37,Sad
Unknown,2024-12-20 09:46:38,Sad
Unknown,2024-12-20 09:46:38,Sad
Unknown,2024-12-20 09:46:39,Sad
Unknown,2024-12-20 09:46:39,Sad
Unknown,2024-12-20 09:46:39,Sad
Unknown,2024-12-20 09:46:40,Sad
Unknown,2024-12-20 09:46:40,Sad
Unknown,2024-12-20 09:46:41,Sad
Unknown,2024-12-20 09:46:41,Sad
Unknown,2024-12-20 09:46:42,Sad
Unknown,2024-12-20 09:46:42,Sad
Unknown,2024-12-20 09:46:43,Sad
Unknown,2024-12-20 09:46:43,Sad
Unknown,2024-12-20 09:46:44,Sad
Unknown,2024-12-20 09:46:44,Sad
Unknown,2024-12-20 09:46:45,Sad
Unknown,2024-12-20 09:46:45,Sad
Unknown,2024-12-20 09:46:46,Sad
Unknown,2024-12-20 09:46:46,Sad
Unknown,2024-12-20 09:46:47,Sad
Unknown,2024-12-20 09:46:47,Sad
Unknown,2024-12-20 09:46:48,Sad
Unknown,2024-12-20 09:46:48,Sad
Unknown,2024-12-20 09:46:49,Sad
Unknown,2024-12-20 09:46:49,Sad
Unknown,2024-12-20 09:46:49,Sad
Unknown,2024-12-20 09:46:50,Sad
Unknown,2024-12-20 09:46:50,Sad
Unknown,2024-12-20 09:46:51,Sad
Unknown,2024-12-20 09:46:51,Sad
Unknown,2024-12-20 09:46:52,Sad
Unknown,2024-12-20 09:46:52,Sad
Unknown,2024-12-20 09:46:53,Sad
Unknown,2024-12-20 09:46:53,Sad
Unknown,2024-12-20 09:46:54,Sad
Unknown,2024-12-20 09:46:54,Sad
Unknown,2024-12-20 09:46:55,Sad
Unknown,2024-12-20 09:46:55,Sad
Unknown,2024-12-20 09:46:56,Sad
Unknown,2024-12-20 09:46:56,Sad
Unknown,2024-12-20 09:46:57,Sad
Unknown,2024-12-20 09:46:57,Sad
Unknown,2024-12-20 09:46:58,Sad
Unknown,2024-12-20 09:46:58,Sad
Unknown,2024-12-20 09:46:58,Sad
Unknown,2024-12-20 09:46:59,Sad
Unknown,2024-12-20 09:46:59,Sad
Unknown,2024-12-20 09:47:00,Sad
Unknown,2024-12-20 09:47:00,Sad
Unknown,2024-12-20 09:47:01,Sad
Unknown,2024-12-20 09:47:01,Sad
Unknown,2024-12-20 09:47:02,Sad
Unknown,2024-12-20 09:47:02,Sad
Unknown,2024-12-20 09:47:03,Sad
Unknown,2024-12-20 09:47:03,Sad
Unknown,2024-12-20 09:47:04,Sad
Unknown,2024-12-20 09:47:04,Sad
Unknown,2024-12-20 09:47:05,Sad
Unknown,2024-12-20 09:47:05,Sad
Unknown,2024-12-20 09:47:06,Sad
Unknown,2024-12-20 09:47:07,Sad
Unknown,2024-12-20 09:47:08,Sad
Unknown,2024-12-20 09:47:08,Sad
Unknown,2024-12-20 09:47:09,Sad
Unknown,2024-12-20 09:47:09,Sad
Unknown,2024-12-20 09:47:09,Sad
Unknown,2024-12-20 09:47:10,Sad
Unknown,2024-12-20 09:47:10,Sad
Unknown,2024-12-20 09:47:12,Sad
Unknown,2024-12-20 09:47:14,Sad
Unknown,2024-12-20 09:47:14,Sad
Unknown,2024-12-20 09:47:15,Sad
Unknown,2024-12-20 09:47:15,Sad
Unknown,2024-12-20 09:47:16,Sad
Unknown,2024-12-20 09:47:16,Sad
Unknown,2024-12-20 09:47:17,Sad
Unknown,2024-12-20 09:47:17,Sad
Unknown,2024-12-20 09:47:18,Sad
Unknown,2024-12-20 09:47:18,Sad
Unknown,2024-12-20 09:47:18,Sad
Unknown,2024-12-20 09:47:19,Sad
Unknown,2024-12-20 09:47:19,Sad
Unknown,2024-12-20 09:47:20,Sad
Unknown,2024-12-20 09:47:20,Sad
Unknown,2024-12-20 09:47:21,Sad
Unknown,2024-12-20 09:47:24,Sad
Unknown,2024-12-20 09:47:24,Sad
Unknown,2024-12-20 09:47:25,Sad
Unknown,2024-12-20 09:47:25,Sad
Unknown,2024-12-20 09:47:25,Sad
Unknown,2024-12-20 09:47:26,Sad
Unknown,2024-12-20 09:47:26,Sad
Unknown,2024-12-20 09:47:27,Sad
Unknown,2024-12-20 09:47:27,Sad
Unknown,2024-12-20 09:47:28,Sad
Unknown,2024-12-20 09:47:28,Sad
Unknown,2024-12-20 09:47:29,Sad
Unknown,2024-12-20 09:47:30,Sad
Unknown,2024-12-20 09:47:34,Sad
Unknown,2024-12-20 09:47:34,Sad
Unknown,2024-12-20 09:47:35,Sad
Unknown,2024-12-20 09:47:37,Sad
Unknown,2024-12-20 09:47:38,Sad
Unknown,2024-12-20 09:47:39,Sad
Unknown,2024-12-20 09:47:39,Sad
Unknown,2024-12-20 09:47:39,Sad
Unknown,2024-12-20 09:47:40,Sad
Unknown,2024-12-20 09:47:40,Sad
Unknown,2024-12-20 09:47:42,Sad
Unknown,2024-12-20 09:47:43,Sad
Unknown,2024-12-20 09:47:44,Sad
Unknown,2024-12-20 09:47:44,Sad
Unknown,2024-12-20 09:47:45,Sad
Unknown,2024-12-20 09:47:45,Sad
Unknown,2024-12-20 09:47:46,Sad
Unknown,2024-12-20 09:47:46,Sad
Unknown,2024-12-20 09:47:46,Sad
Unknown,2024-12-20 09:47:47,Sad
Unknown,2024-12-20 09:47:47,Sad
Unknown,2024-12-20 09:47:48,Sad
Unknown,2024-12-20 09:47:48,Sad
Unknown,2024-12-20 09:47:49,Sad
Unknown,2024-12-20 09:47:49,Sad
Unknown,2024-12-20 09:47:50,Sad
Unknown,2024-12-20 09:47:50,Sad
Unknown,2024-12-20 09:47:51,Sad
Unknown,2024-12-20 09:47:51,Sad
Unknown,2024-12-20 09:47:51,Sad
Unknown,2024-12-20 09:47:52,Sad
Unknown,2024-12-20 09:47:52,Sad
Unknown,2024-12-20 09:47:53,Sad
Unknown,2024-12-20 09:47:53,Sad
Unknown,2024-12-20 09:47:54,Sad
Unknown,2024-12-20 09:47:54,Sad
Unknown,2024-12-20 09:47:55,Sad
Unknown,2024-12-20 09:47:55,Sad
Unknown,2024-12-20 09:47:56,Sad
Unknown,2024-12-20 09:47:56,Sad
Unknown,2024-12-20 09:47:57,Sad
Unknown,2024-12-20 09:47:57,Sad
Unknown,2024-12-20 09:47:58,Sad
Unknown,2024-12-20 09:47:58,Sad
Unknown,2024-12-20 09:47:59,Sad
Unknown,2024-12-20 09:47:59,Sad
Unknown,2024-12-20 09:48:00,Sad
Unknown,2024-12-20 09:48:00,Sad
Unknown,2024-12-20 09:48:01,Sad
Unknown,2024-12-20 09:48:01,Sad
Unknown,2024-12-20 09:48:02,Sad
Unknown,2024-12-20 09:48:02,Sad
Unknown,2024-12-20 09:48:02,Sad
Unknown,2024-12-20 09:48:03,Sad
Unknown,2024-12-20 09:48:03,Sad
Unknown,2024-12-20 09:48:04,Sad
Unknown,2024-12-20 09:48:04,Sad
Unknown,2024-12-20 09:48:05,Sad
Unknown,2024-12-20 09:48:05,Sad
Unknown,2024-12-20 09:48:06,Sad
Unknown,2024-12-20 09:48:06,Sad
Unknown,2024-12-20 09:48:07,Sad
Unknown,2024-12-20 09:48:07,Sad
Unknown,2024-12-20 09:48:08,Sad
Unknown,2024-12-20 09:48:08,Sad
Unknown,2024-12-20 09:48:09,Sad
Unknown,2024-12-20 09:48:09,Sad
Unknown,2024-12-20 09:48:09,Sad
Unknown,2024-12-20 09:48:10,Sad
Unknown,2024-12-20 09:48:10,Sad
Unknown,2024-12-20 09:48:11,Sad
Unknown,2024-12-20 09:48:11,Sad
Unknown,2024-12-20 09:48:12,Sad
Unknown,2024-12-20 09:48:12,Sad
Unknown,2024-12-20 09:48:13,Sad
Unknown,2024-12-20 09:48:13,Sad
Unknown,2024-12-20 09:48:14,Sad
Unknown,2024-12-20 09:48:14,Sad
Unknown,2024-12-20 09:48:15,Sad
Unknown,2024-12-20 09:48:15,Sad
Unknown,2024-12-20 09:48:16,Sad
Unknown,2024-12-20 09:48:16,Sad
Unknown,2024-12-20 09:48:17,Sad
Unknown,2024-12-20 09:48:17,Sad
Unknown,2024-12-20 09:48:18,Sad
Unknown,2024-12-20 09:48:19,Sad
Unknown,2024-12-20 09:48:20,Sad
Unknown,2024-12-20 09:48:24,Sad
Unknown,2024-12-20 09:48:25,Sad
Unknown,2024-12-20 09:48:25,Sad
Unknown,2024-12-20 09:48:26,Sad
Unknown,2024-12-20 09:48:27,Sad
Unknown,2024-12-20 09:48:28,Sad
Unknown,2024-12-20 09:48:28,Sad
Unknown,2024-12-20 09:48:29,Sad
Unknown,2024-12-20 09:48:29,Sad
Unknown,2024-12-20 09:48:30,Sad
Unknown,2024-12-20 09:48:30,Sad
Unknown,2024-12-20 09:48:31,Sad
Unknown,2024-12-20 09:48:31,Sad
Unknown,2024-12-20 09:48:32,Sad
Unknown,2024-12-20 09:48:32,Sad
Unknown,2024-12-20 09:48:33,Sad
Unknown,2024-12-20 09:48:33,Sad
Unknown,2024-12-20 09:48:34,Sad
Unknown,2024-12-20 09:48:34,Sad
Unknown,2024-12-20 09:48:35,Sad
Unknown,2024-12-20 09:48:35,Sad
Unknown,2024-12-20 09:48:36,Sad
Unknown,2024-12-20 09:48:36,Sad
Unknown,2024-12-20 09:48:36,Sad
Unknown,2024-12-20 09:48:37,Sad
Unknown,2024-12-20 09:48:37,Sad
Unknown,2024-12-20 09:48:38,Sad
Unknown,2024-12-20 09:48:38,Sad
Unknown,2024-12-20 09:48:39,Sad
Unknown,2024-12-20 09:48:39,Sad
Unknown,2024-12-20 09:48:40,Sad
Unknown,2024-12-20 09:48:40,Sad
Unknown,2024-12-20 09:48:41,Sad
Unknown,2024-12-20 09:48:41,Sad
Unknown,2024-12-20 09:48:42,Sad
Unknown,2024-12-20 09:48:42,Sad
Unknown,2024-12-20 09:48:43,Sad
Unknown,2024-12-20 09:48:43,Sad
Unknown,2024-12-20 09:48:44,Sad
Unknown,2024-12-20 09:48:44,Sad
Unknown,2024-12-20 09:48:45,Sad
Unknown,2024-12-20 09:48:45,Sad
Unknown,2024-12-20 09:48:46,Sad
Unknown,2024-12-20 09:48:46,Sad
Unknown,2024-12-20 09:48:47,Sad
Unknown,2024-12-20 09:48:47,Sad
Unknown,2024-12-20 09:48:47,Sad
Unknown,2024-12-20 09:48:48,Sad
Unknown,2024-12-20 09:48:48,Sad
Unknown,2024-12-20 09:48:49,Sad
Unknown,2024-12-20 09:48:49,Sad
Unknown,2024-12-20 09:48:50,Sad
Unknown,2024-12-20 09:48:51,Sad
Unknown,2024-12-20 09:48:51,Sad
Unknown,2024-12-20 09:48:52,Sad
Unknown,2024-12-20 09:48:52,Sad
Unknown,2024-12-20 09:48:53,Sad
Unknown,2024-12-20 09:48:53,Sad
Unknown,2024-12-20 09:48:54,Sad
Unknown,2024-12-20 09:48:54,Sad
Unknown,2024-12-20 09:48:55,Sad
Unknown,2024-12-20 09:48:55,Sad
Unknown,2024-12-20 09:48:56,Sad
Unknown,2024-12-20 09:48:56,Sad
Unknown,2024-12-20 09:48:57,Sad
Unknown,2024-12-20 09:48:57,Sad
Unknown,2024-12-20 09:48:58,Sad
Unknown,2024-12-20 09:48:58,Sad
Unknown,2024-12-20 09:48:59,Sad
Unknown,2024-12-20 09:48:59,Sad
Unknown,2024-12-20 09:49:00,Sad
Unknown,2024-12-20 09:49:00,Sad
Unknown,2024-12-20 09:49:01,Sad
Unknown,2024-12-20 09:49:01,Sad
Unknown,2024-12-20 09:49:02,Sad
Unknown,2024-12-20 09:49:02,Sad
Unknown,2024-12-20 09:49:03,Sad
Unknown,2024-12-20 09:49:03,Sad
Unknown,2024-12-20 09:49:04,Sad
Unknown,2024-12-20 09:49:04,Sad
Unknown,2024-12-20 09:49:05,Sad
Unknown,2024-12-20 09:49:05,Sad
Unknown,2024-12-20 09:49:06,Sad
Unknown,2024-12-20 09:49:06,Sad
Unknown,2024-12-20 09:49:07,Sad
Unknown,2024-12-20 09:49:07,Sad
Unknown,2024-12-20 09:49:08,Sad
Unknown,2024-12-20 09:49:08,Sad
Unknown,2024-12-20 09:49:09,Sad
Unknown,2024-12-20 09:49:09,Sad
Unknown,2024-12-20 09:49:10,Sad
Unknown,2024-12-20 09:49:10,Sad
Unknown,2024-12-20 09:49:10,Sad
Unknown,2024-12-20 09:49:11,Sad
Unknown,2024-12-20 09:49:11,Sad
Unknown,2024-12-20 09:49:12,Sad
Unknown,2024-12-20 09:49:12,Sad
Unknown,2024-12-20 09:49:13,Sad
Unknown,2024-12-20 09:49:13,Sad
Unknown,2024-12-20 09:49:14,Sad
Unknown,2024-12-20 09:49:14,Sad
Unknown,2024-12-20 09:49:15,Sad
Unknown,2024-12-20 09:49:15,Sad
Unknown,2024-12-20 09:49:16,Sad
Unknown,2024-12-20 09:49:16,Sad
Unknown,2024-12-20 09:49:17,Sad
Unknown,2024-12-20 09:49:17,Sad
Unknown,2024-12-20 09:49:18,Sad
Unknown,2024-12-20 09:49:18,Sad
Unknown,2024-12-20 09:49:19,Sad
Unknown,2024-12-20 09:49:19,Sad
Unknown,2024-12-20 09:49:20,Sad
Unknown,2024-12-20 09:49:20,Sad
Unknown,2024-12-20 09:49:21,Sad
Unknown,2024-12-20 09:49:21,Sad
Unknown,2024-12-20 09:49:22,Sad
Unknown,2024-12-20 09:49:22,Sad
Unknown,2024-12-20 09:49:23,Sad
Unknown,2024-12-20 09:49:23,Sad
Unknown,2024-12-20 09:49:24,Sad
Unknown,2024-12-20 09:49:24,Sad
Unknown,2024-12-20 09:49:25,Sad
Unknown,2024-12-20 09:49:25,Sad
Unknown,2024-12-20 09:49:26,Sad
Unknown,2024-12-20 09:49:26,Sad
Unknown,2024-12-20 09:49:26,Sad
Unknown,2024-12-20 09:49:27,Sad
Unknown,2024-12-20 09:49:27,Sad
Unknown,2024-12-20 09:49:28,Sad
Unknown,2024-12-20 09:49:28,Sad
Unknown,2024-12-20 09:49:29,Sad
Unknown,2024-12-20 09:49:29,Sad
Unknown,2024-12-20 09:49:30,Sad
Unknown,2024-12-20 09:49:30,Sad
Unknown,2024-12-20 09:49:31,Sad
Unknown,2024-12-20 09:49:31,Sad
Unknown,2024-12-20 09:49:32,Sad
Unknown,2024-12-20 09:49:32,Sad
Unknown,2024-12-20 09:49:33,Sad
Unknown,2024-12-20 09:49:33,Sad
Unknown,2024-12-20 09:49:34,Sad
Unknown,2024-12-20 09:49:34,Sad
Unknown,2024-12-20 09:49:35,Sad
Unknown,2024-12-20 09:49:35,Sad
Unknown,2024-12-20 09:49:36,Sad
Unknown,2024-12-20 09:49:36,Sad
Unknown,2024-12-20 09:49:37,Sad
Unknown,2024-12-20 09:49:37,Sad
Unknown,2024-12-20 09:49:38,Sad
Unknown,2024-12-20 09:49:38,Sad
Unknown,2024-12-20 09:49:39,Sad
Unknown,2024-12-20 09:49:39,Sad
Unknown,2024-12-20 09:49:40,Sad
Unknown,2024-12-20 09:49:40,Sad
Unknown,2024-12-20 09:49:41,Sad
Unknown,2024-12-20 09:49:41,Sad
Unknown,2024-12-20 09:49:42,Sad
Unknown,2024-12-20 09:49:42,Sad
Unknown,2024-12-20 09:49:43,Sad
Unknown,2024-12-20 09:49:43,Sad
Unknown,2024-12-20 09:49:44,Sad
Unknown,2024-12-20 09:49:44,Sad
Unknown,2024-12-20 09:49:45,Sad
Unknown,2024-12-20 09:49:45,Sad
Unknown,2024-12-20 09:49:46,Sad
Unknown,2024-12-20 09:49:46,Sad
Unknown,2024-12-20 09:49:47,Sad
Unknown,2024-12-20 09:49:47,Sad
Unknown,2024-12-20 09:49:47,Sad
Unknown,2024-12-20 09:49:48,Sad
Unknown,2024-12-20 09:49:48,Sad
Unknown,2024-12-20 09:49:49,Sad
Unknown,2024-12-20 09:49:49,Sad
Unknown,2024-12-20 09:49:50,Sad
Unknown,2024-12-20 09:49:50,Sad
Unknown,2024-12-20 09:49:51,Sad
Unknown,2024-12-20 09:49:51,Sad
Unknown,2024-12-20 09:49:52,Sad
Unknown,2024-12-20 09:49:52,Sad
Unknown,2024-12-20 09:49:53,Sad
Unknown,2024-12-20 09:49:54,Sad
Unknown,2024-12-20 09:49:54,Sad
Unknown,2024-12-20 09:49:55,Sad
Unknown,2024-12-20 09:49:55,Sad
Unknown,2024-12-20 09:49:56,Sad
Unknown,2024-12-20 09:49:56,Sad
Unknown,2024-12-20 09:49:57,Sad
Unknown,2024-12-20 09:49:57,Sad
Unknown,2024-12-20 09:49:58,Sad
Unknown,2024-12-20 09:49:58,Sad
Unknown,2024-12-20 09:49:59,Sad
Unknown,2024-12-20 09:49:59,Sad
Unknown,2024-12-20 09:50:00,Sad
Unknown,2024-12-20 09:50:00,Sad
Unknown,2024-12-20 09:50:01,Sad
Unknown,2024-12-20 09:50:01,Sad
Unknown,2024-12-20 09:50:02,Sad
Unknown,2024-12-20 09:50:02,Sad
Unknown,2024-12-20 09:50:03,Sad
Unknown,2024-12-20 09:50:03,Sad
Unknown,2024-12-20 09:50:04,Sad
Unknown,2024-12-20 09:50:04,Sad
Unknown,2024-12-20 09:50:05,Sad
Unknown,2024-12-20 09:50:05,Sad
Unknown,2024-12-20 09:50:06,Sad
Unknown,2024-12-20 09:50:06,Sad
Unknown,2024-12-20 09:50:07,Sad
Unknown,2024-12-20 09:50:07,Sad
Unknown,2024-12-20 09:50:08,Sad
Unknown,2024-12-20 09:50:08,Sad
Unknown,2024-12-20 09:50:09,Sad
Unknown,2024-12-20 09:50:09,Sad
Unknown,2024-12-20 09:50:10,Sad
Unknown,2024-12-20 09:50:10,Sad
Unknown,2024-12-20 09:50:11,Sad
Unknown,2024-12-20 09:50:11,Sad
Unknown,2024-12-20 09:50:12,Sad
Unknown,2024-12-20 09:50:12,Sad
Unknown,2024-12-20 09:50:13,Sad
Unknown,2024-12-20 09:50:13,Sad
Unknown,2024-12-20 09:50:14,Sad
Unknown,2024-12-20 09:50:14,Sad
Unknown,2024-12-20 09:50:15,Sad
Unknown,2024-12-20 09:50:15,Sad
Unknown,2024-12-20 09:50:16,Sad
Unknown,2024-12-20 09:50:16,Sad
Unknown,2024-12-20 09:50:17,Sad
Unknown,2024-12-20 09:50:17,Sad
Unknown,2024-12-20 09:50:18,Sad
Unknown,2024-12-20 09:50:18,Sad
Unknown,2024-12-20 09:50:19,Sad
Unknown,2024-12-20 09:50:19,Sad
Unknown,2024-12-20 09:50:20,Sad
Unknown,2024-12-20 09:50:20,Sad
Unknown,2024-12-20 09:50:21,Sad
Unknown,2024-12-20 09:50:21,Sad
Unknown,2024-12-20 09:50:21,Sad
Unknown,2024-12-20 09:50:22,Sad
Unknown,2024-12-20 09:50:22,Sad
Unknown,2024-12-20 09:50:23,Sad
Unknown,2024-12-20 09:50:23,Sad
Unknown,2024-12-20 09:50:24,Sad
Unknown,2024-12-20 09:50:24,Sad
Unknown,2024-12-20 09:50:25,Sad
Unknown,2024-12-20 09:50:25,Sad
Unknown,2024-12-20 09:50:26,Sad
Unknown,2024-12-20 09:50:26,Sad
Unknown,2024-12-20 09:50:27,Sad
Unknown,2024-12-20 09:50:27,Sad
Unknown,2024-12-20 09:50:28,Sad
Unknown,2024-12-20 09:50:28,Sad
Unknown,2024-12-20 09:50:29,Sad
Unknown,2024-12-20 09:50:29,Sad
Unknown,2024-12-20 09:50:30,Sad
Unknown,2024-12-20 09:50:30,Sad
Unknown,2024-12-20 09:50:31,Sad
Unknown,2024-12-20 09:50:31,Sad
Unknown,2024-12-20 09:50:32,Sad
Unknown,2024-12-20 09:50:32,Sad
Unknown,2024-12-20 09:50:33,Sad
Unknown,2024-12-20 09:50:33,Sad
Unknown,2024-12-20 09:50:34,Sad
Unknown,2024-12-20 09:50:34,Sad
Unknown,2024-12-20 09:50:35,Sad
Unknown,2024-12-20 09:50:35,Sad
Unknown,2024-12-20 09:50:36,Sad
Unknown,2024-12-20 09:50:36,Sad
Unknown,2024-12-20 09:50:37,Sad
Unknown,2024-12-20 09:50:37,Sad
Unknown,2024-12-20 09:50:38,Sad
Unknown,2024-12-20 09:50:38,Sad
Unknown,2024-12-20 09:50:39,Sad
Unknown,2024-12-20 09:50:39,Sad
Unknown,2024-12-20 09:50:40,Sad
Unknown,2024-12-20 09:50:40,Sad
Unknown,2024-12-20 09:50:41,Sad
Unknown,2024-12-20 09:50:41,Sad
Unknown,2024-12-20 09:50:42,Sad
Unknown,2024-12-20 09:50:42,Sad
Unknown,2024-12-20 09:50:43,Sad
Unknown,2024-12-20 09:50:43,Sad
Unknown,2024-12-20 09:50:44,Sad
Unknown,2024-12-20 09:50:44,Sad
Unknown,2024-12-20 09:50:45,Sad
Unknown,2024-12-20 09:50:45,Sad
Unknown,2024-12-20 09:50:46,Sad
Unknown,2024-12-20 09:50:46,Sad
Unknown,2024-12-20 09:50:47,Sad
Unknown,2024-12-20 09:50:47,Sad
Unknown,2024-12-20 09:50:47,Sad
Unknown,2024-12-20 09:50:48,Sad
Unknown,2024-12-20 09:50:48,Sad
Unknown,2024-12-20 09:50:49,Sad
Unknown,2024-12-20 09:50:49,Sad
Unknown,2024-12-20 09:50:50,Sad
Unknown,2024-12-20 09:50:50,Sad
Unknown,2024-12-20 09:50:51,Sad
Unknown,2024-12-20 09:50:51,Sad
Unknown,2024-12-20 09:50:52,Sad
Unknown,2024-12-20 09:50:52,Sad
Unknown,2024-12-20 09:50:53,Sad
Unknown,2024-12-20 09:50:53,Sad
Unknown,2024-12-20 09:50:54,Sad
Unknown,2024-12-20 09:50:54,Sad
Unknown,2024-12-20 09:50:55,Sad
Unknown,2024-12-20 09:50:55,Sad
Unknown,2024-12-20 09:50:56,Sad
Unknown,2024-12-20 09:50:56,Sad
Unknown,2024-12-20 09:50:57,Sad
Unknown,2024-12-20 09:50:57,Sad
Unknown,2024-12-20 09:50:57,Sad
Unknown,2024-12-20 09:50:58,Sad
Unknown,2024-12-20 09:50:58,Sad
Unknown,2024-12-20 09:50:59,Sad
Unknown,2024-12-20 09:50:59,Sad
Unknown,2024-12-20 09:51:00,Sad
Unknown,2024-12-20 09:51:00,Sad
Unknown,2024-12-20 09:51:01,Sad
Unknown,2024-12-20 09:51:01,Sad
Unknown,2024-12-20 09:51:02,Sad
Unknown,2024-12-20 09:51:02,Sad
Unknown,2024-12-20 09:51:03,Sad
Unknown,2024-12-20 09:51:03,Sad
Unknown,2024-12-20 09:51:04,Sad
Unknown,2024-12-20 09:51:04,Sad
Unknown,2024-12-20 09:51:05,Sad
Unknown,2024-12-20 09:51:05,Sad
Unknown,2024-12-20 09:51:06,Sad
Unknown,2024-12-20 09:51:06,Sad
Unknown,2024-12-20 09:51:07,Sad
Unknown,2024-12-20 09:51:07,Sad
Unknown,2024-12-20 09:51:08,Sad
Unknown,2024-12-20 09:51:08,Sad
Unknown,2024-12-20 09:51:09,Sad
Unknown,2024-12-20 09:51:09,Sad
Unknown,2024-12-20 09:51:10,Sad
Unknown,2024-12-20 09:51:10,Sad
Unknown,2024-12-20 09:51:11,Sad
Unknown,2024-12-20 09:51:11,Sad
Unknown,2024-12-20 09:51:12,Sad
Unknown,2024-12-20 09:51:12,Sad
Unknown,2024-12-20 09:51:13,Sad
Unknown,2024-12-20 09:51:13,Sad
Unknown,2024-12-20 09:51:14,Sad
Unknown,2024-12-20 09:51:14,Sad
Unknown,2024-12-20 09:51:15,Sad
Unknown,2024-12-20 09:51:15,Sad
Unknown,2024-12-20 09:51:15,Sad
Unknown,2024-12-20 09:51:16,Sad
Unknown,2024-12-20 09:51:16,Sad
Unknown,2024-12-20 09:51:17,Sad
Unknown,2024-12-20 09:51:17,Sad
Unknown,2024-12-20 09:51:18,Sad
Unknown,2024-12-20 09:51:18,Sad
Unknown,2024-12-20 09:51:19,Sad
Unknown,2024-12-20 09:51:19,Sad
Unknown,2024-12-20 09:51:20,Sad
Unknown,2024-12-20 09:51:20,Sad
Unknown,2024-12-20 09:51:21,Sad
Unknown,2024-12-20 09:51:21,Sad
Unknown,2024-12-20 09:51:22,Sad
Unknown,2024-12-20 09:51:22,Sad
Unknown,2024-12-20 09:51:23,Sad
Unknown,2024-12-20 09:51:23,Sad
Unknown,2024-12-20 09:51:23,Sad
Unknown,2024-12-20 09:51:24,Sad
Unknown,2024-12-20 09:51:24,Sad
Unknown,2024-12-20 09:51:25,Sad
Unknown,2024-12-20 09:51:25,Sad
Unknown,2024-12-20 09:51:26,Sad
Unknown,2024-12-20 09:51:26,Sad
Unknown,2024-12-20 09:51:27,Sad
Unknown,2024-12-20 09:51:27,Sad
Unknown,2024-12-20 09:51:28,Sad
Unknown,2024-12-20 09:51:28,Sad
Unknown,2024-12-20 09:51:29,Sad
Unknown,2024-12-20 09:51:29,Sad
Unknown,2024-12-20 09:51:30,Sad
Unknown,2024-12-20 09:51:30,Sad
Unknown,2024-12-20 09:51:31,Sad
Unknown,2024-12-20 09:51:32,Sad
Unknown,2024-12-20 09:51:33,Sad
Unknown,2024-12-20 09:51:34,Sad
Unknown,2024-12-20 09:51:34,Sad
Unknown,2024-12-20 09:51:35,Sad
Unknown,2024-12-20 09:51:35,Sad
Unknown,2024-12-20 09:51:36,Sad
Unknown,2024-12-20 09:51:36,Sad
Unknown,2024-12-20 09:51:37,Sad
Unknown,2024-12-20 09:51:37,Sad
Unknown,2024-12-20 09:51:38,Sad
Unknown,2024-12-20 09:51:38,Sad
Unknown,2024-12-20 09:51:39,Sad
Unknown,2024-12-20 09:51:39,Sad
Unknown,2024-12-20 09:51:40,Sad
Unknown,2024-12-20 09:51:40,Sad
Unknown,2024-12-20 09:51:42,Sad
Unknown,2024-12-20 09:51:43,Sad
Unknown,2024-12-20 09:51:44,Sad
Unknown,2024-12-20 09:51:45,Sad
Unknown,2024-12-20 09:51:45,Sad
Unknown,2024-12-20 09:51:46,Sad
Unknown,2024-12-20 09:51:46,Sad
Unknown,2024-12-20 09:51:47,Sad
Unknown,2024-12-20 09:51:47,Sad
Unknown,2024-12-20 09:51:48,Sad
Unknown,2024-12-20 09:51:48,Sad
Unknown,2024-12-20 09:51:48,Sad
Unknown,2024-12-20 09:51:49,Sad
Unknown,2024-12-20 09:51:49,Sad
Unknown,2024-12-20 09:51:50,Sad
Unknown,2024-12-20 09:51:50,Sad
Unknown,2024-12-20 09:51:51,Sad
Unknown,2024-12-20 09:51:51,Sad
Unknown,2024-12-20 09:51:52,Sad
Unknown,2024-12-20 09:51:53,Sad
Unknown,2024-12-20 09:51:53,Sad
Unknown,2024-12-20 09:51:54,Sad
Unknown,2024-12-20 09:51:55,Sad
Unknown,2024-12-20 09:51:55,Sad
Unknown,2024-12-20 09:51:56,Sad
Unknown,2024-12-20 09:51:57,Sad
Unknown,2024-12-20 09:51:57,Sad
Unknown,2024-12-20 09:51:58,Sad
Unknown,2024-12-20 09:51:58,Sad
Unknown,2024-12-20 09:51:59,Sad
Unknown,2024-12-20 09:51:59,Sad
Unknown,2024-12-20 09:52:00,Sad
Unknown,2024-12-20 09:52:00,Sad
Unknown,2024-12-20 09:52:01,Sad
Unknown,2024-12-20 09:52:01,Sad
Unknown,2024-12-20 09:52:02,Sad
Unknown,2024-12-20 09:52:02,Sad
Unknown,2024-12-20 09:52:03,Sad
Unknown,2024-12-20 09:52:03,Sad
Unknown,2024-12-20 09:52:04,Sad
Unknown,2024-12-20 09:52:04,Sad
Unknown,2024-12-20 09:52:05,Sad
Unknown,2024-12-20 09:52:06,Sad
Unknown,2024-12-20 09:52:06,Sad
Unknown,2024-12-20 09:52:07,Sad
Unknown,2024-12-20 09:52:07,Sad
Unknown,2024-12-20 09:52:08,Sad
Unknown,2024-12-20 09:52:08,Sad
Unknown,2024-12-20 09:52:09,Sad
Unknown,2024-12-20 09:52:09,Sad
Unknown,2024-12-20 09:52:10,Sad
Unknown,2024-12-20 09:52:10,Sad
Unknown,2024-12-20 09:52:11,Sad
Unknown,2024-12-20 09:52:11,Sad
Unknown,2024-12-20 09:52:13,Sad
Unknown,2024-12-20 09:52:14,Sad
Unknown,2024-12-20 09:52:14,Sad
Unknown,2024-12-20 09:52:15,Sad
Unknown,2024-12-20 09:52:15,Sad
Unknown,2024-12-20 09:52:16,Sad
Unknown,2024-12-20 09:52:16,Sad
Unknown,2024-12-20 09:52:17,Sad
Unknown,2024-12-20 09:52:17,Sad
Unknown,2024-12-20 09:52:18,Sad
Unknown,2024-12-20 09:52:18,Sad
Unknown,2024-12-20 09:52:19,Sad
Unknown,2024-12-20 09:52:19,Sad
Unknown,2024-12-20 09:52:20,Sad
Unknown,2024-12-20 09:52:20,Sad
Unknown,2024-12-20 09:52:21,Sad
Unknown,2024-12-20 09:52:21,Sad
Unknown,2024-12-20 09:52:22,Sad
Unknown,2024-12-20 09:52:22,Sad
Unknown,2024-12-20 09:52:23,Sad
Unknown,2024-12-20 09:52:23,Sad
Unknown,2024-12-20 09:52:24,Sad
Unknown,2024-12-20 09:52:24,Sad
Unknown,2024-12-20 09:52:25,Sad
Unknown,2024-12-20 09:52:25,Sad
Unknown,2024-12-20 09:52:26,Sad
Unknown,2024-12-20 09:52:26,Sad
Unknown,2024-12-20 09:52:27,Sad
Unknown,2024-12-20 09:52:27,Sad
Unknown,2024-12-20 09:52:28,Sad
Unknown,2024-12-20 09:52:28,Sad
Unknown,2024-12-20 09:52:29,Sad
Unknown,2024-12-20 09:52:29,Sad
Unknown,2024-12-20 09:52:30,Sad
Unknown,2024-12-20 09:52:30,Sad
Unknown,2024-12-20 09:52:30,Sad
Unknown,2024-12-20 09:52:31,Sad
Unknown,2024-12-20 09:52:31,Sad
Unknown,2024-12-20 09:52:32,Sad
Unknown,2024-12-20 09:52:32,Sad
Unknown,2024-12-20 09:52:33,Sad
Unknown,2024-12-20 09:52:36,Sad
Unknown,2024-12-20 09:52:36,Sad
Unknown,2024-12-20 09:52:37,Sad
Unknown,2024-12-20 09:52:37,Sad
Unknown,2024-12-20 09:52:38,Sad
Unknown,2024-12-20 09:52:38,Sad
Unknown,2024-12-20 09:52:38,Sad
Unknown,2024-12-20 09:52:39,Sad
Unknown,2024-12-20 09:52:39,Sad
Unknown,2024-12-20 09:52:40,Sad
Unknown,2024-12-20 09:52:40,Sad
Unknown,2024-12-20 09:52:41,Sad
Unknown,2024-12-20 09:52:41,Sad
Unknown,2024-12-20 09:52:42,Sad
Unknown,2024-12-20 09:52:42,Sad
Unknown,2024-12-20 09:52:43,Sad
Unknown,2024-12-20 09:52:43,Sad
Unknown,2024-12-20 09:52:44,Sad
Unknown,2024-12-20 09:52:44,Sad
Unknown,2024-12-20 09:52:45,Sad
Unknown,2024-12-20 09:52:45,Sad
Unknown,2024-12-20 09:52:46,Sad
Unknown,2024-12-20 09:52:46,Sad
Unknown,2024-12-20 09:52:47,Sad
Unknown,2024-12-20 09:52:47,Sad
Unknown,2024-12-20 09:52:48,Sad
Unknown,2024-12-20 09:52:48,Sad
Unknown,2024-12-20 09:52:49,Sad
Unknown,2024-12-20 09:52:49,Sad
Unknown,2024-12-20 09:52:50,Sad
Unknown,2024-12-20 09:52:50,Sad
Unknown,2024-12-20 09:52:51,Sad
Unknown,2024-12-20 09:52:51,Sad
Unknown,2024-12-20 09:52:52,Sad
Unknown,2024-12-20 09:52:52,Sad
Unknown,2024-12-20 09:52:53,Sad
Unknown,2024-12-20 09:52:53,Sad
Unknown,2024-12-20 09:52:54,Sad
Unknown,2024-12-20 09:52:54,Sad
Unknown,2024-12-20 09:52:55,Sad
Unknown,2024-12-20 09:52:55,Sad
Unknown,2024-12-20 09:52:56,Sad
Unknown,2024-12-20 09:52:56,Sad
Unknown,2024-12-20 09:52:57,Sad
Unknown,2024-12-20 09:52:58,Sad
Unknown,2024-12-20 09:52:58,Sad
Unknown,2024-12-20 09:52:58,Sad
Unknown,2024-12-20 09:52:59,Sad
Unknown,2024-12-20 09:52:59,Sad
Unknown,2024-12-20 09:53:00,Sad
Unknown,2024-12-20 09:53:01,Sad
Unknown,2024-12-20 09:53:01,Sad
Unknown,2024-12-20 09:53:02,Sad
Unknown,2024-12-20 09:53:02,Sad
Unknown,2024-12-20 09:53:03,Sad
Unknown,2024-12-20 09:53:03,Sad
Unknown,2024-12-20 09:53:04,Sad
Unknown,2024-12-20 09:53:04,Sad
Unknown,2024-12-20 09:53:05,Sad
Unknown,2024-12-20 09:53:05,Sad
Unknown,2024-12-20 09:53:05,Sad
Unknown,2024-12-20 09:53:06,Sad
Unknown,2024-12-20 09:53:06,Sad
Unknown,2024-12-20 09:53:07,Sad
Unknown,2024-12-20 09:53:07,Sad
Unknown,2024-12-20 09:53:08,Sad
Unknown,2024-12-20 09:53:08,Sad
Unknown,2024-12-20 09:53:09,Sad
Unknown,2024-12-20 09:53:09,Sad
Unknown,2024-12-20 09:53:10,Sad
Unknown,2024-12-20 09:53:10,Sad
Unknown,2024-12-20 09:53:11,Sad
Unknown,2024-12-20 09:53:12,Sad
Unknown,2024-12-20 09:53:12,Sad
Unknown,2024-12-20 09:53:13,Sad
Unknown,2024-12-20 09:53:13,Sad
Unknown,2024-12-20 09:53:14,Sad
Unknown,2024-12-20 09:53:14,Sad
Unknown,2024-12-20 09:53:15,Sad
Unknown,2024-12-20 09:53:15,Sad
Unknown,2024-12-20 09:53:16,Sad
Unknown,2024-12-20 09:53:16,Sad
Unknown,2024-12-20 09:53:17,Sad
Unknown,2024-12-20 09:53:17,Sad
Unknown,2024-12-20 09:53:18,Sad
Unknown,2024-12-20 09:53:18,Sad
Unknown,2024-12-20 09:53:19,Sad
Unknown,2024-12-20 09:53:19,Sad
Unknown,2024-12-20 09:53:20,Sad
Unknown,2024-12-20 09:53:20,Sad
Unknown,2024-12-20 09:53:21,Sad
Unknown,2024-12-20 09:53:21,Sad
Unknown,2024-12-20 09:53:22,Sad
Unknown,2024-12-20 09:53:22,Sad
Unknown,2024-12-20 09:53:23,Sad
Unknown,2024-12-20 09:53:23,Sad
Unknown,2024-12-20 09:53:24,Sad
Unknown,2024-12-20 09:53:25,Sad
Unknown,2024-12-20 09:53:26,Sad
Unknown,2024-12-20 09:53:26,Sad
Unknown,2024-12-20 09:53:27,Sad
Unknown,2024-12-20 09:53:27,Sad
Unknown,2024-12-20 09:53:28,Sad
Unknown,2024-12-20 09:53:28,Sad
Unknown,2024-12-20 09:53:29,Sad
Unknown,2024-12-20 09:53:29,Sad
Unknown,2024-12-20 09:53:30,Sad
Unknown,2024-12-20 09:53:30,Sad
Unknown,2024-12-20 09:53:31,Sad
Unknown,2024-12-20 09:53:31,Sad
Unknown,2024-12-20 09:53:32,Sad
Unknown,2024-12-20 09:53:32,Sad
Unknown,2024-12-20 09:53:33,Sad
Unknown,2024-12-20 09:53:33,Sad
Unknown,2024-12-20 09:53:34,Sad
Unknown,2024-12-20 09:53:34,Sad
Unknown,2024-12-20 09:53:35,Sad
Unknown,2024-12-20 09:53:35,Sad
Unknown,2024-12-20 09:53:36,Sad
Unknown,2024-12-20 09:53:36,Sad
Unknown,2024-12-20 09:53:37,Sad
Unknown,2024-12-20 09:53:37,Sad
Unknown,2024-12-20 09:53:38,Sad
Unknown,2024-12-20 09:53:38,Sad
Unknown,2024-12-20 09:53:38,Sad
Unknown,2024-12-20 09:53:39,Sad
Unknown,2024-12-20 09:53:39,Sad
Unknown,2024-12-20 09:53:40,Sad
Unknown,2024-12-20 09:53:40,Sad
Unknown,2024-12-20 09:53:41,Sad
Unknown,2024-12-20 09:53:41,Sad
Unknown,2024-12-20 09:53:42,Sad
Unknown,2024-12-20 09:53:42,Sad
Unknown,2024-12-20 09:53:43,Sad
Unknown,2024-12-20 09:53:43,Sad
Unknown,2024-12-20 09:53:44,Sad
Unknown,2024-12-20 09:53:44,Sad
Unknown,2024-12-20 09:53:45,Sad
Unknown,2024-12-20 09:53:45,Sad
Unknown,2024-12-20 09:53:45,Sad
Unknown,2024-12-20 09:53:46,Sad
Unknown,2024-12-20 09:53:46,Sad
Unknown,2024-12-20 09:53:47,Sad
Unknown,2024-12-20 09:53:47,Sad
Unknown,2024-12-20 09:53:48,Sad
Unknown,2024-12-20 09:53:48,Sad
Unknown,2024-12-20 09:53:49,Sad
Unknown,2024-12-20 09:53:49,Sad
Unknown,2024-12-20 09:53:50,Sad
Unknown,2024-12-20 09:53:50,Sad
Unknown,2024-12-20 09:53:51,Sad
Unknown,2024-12-20 09:53:51,Sad
Unknown,2024-12-20 09:53:52,Sad
Unknown,2024-12-20 09:53:52,Sad
Unknown,2024-12-20 09:53:53,Sad
Unknown,2024-12-20 09:53:53,Sad
Unknown,2024-12-20 09:53:54,Sad
Unknown,2024-12-20 09:53:54,Sad
Unknown,2024-12-20 09:53:54,Sad
Unknown,2024-12-20 09:53:55,Sad
Unknown,2024-12-20 09:53:55,Sad
Unknown,2024-12-20 09:53:56,Sad
Unknown,2024-12-20 09:53:56,Sad
Unknown,2024-12-20 09:53:57,Sad
Unknown,2024-12-20 09:53:57,Sad
Unknown,2024-12-20 09:53:58,Sad
Unknown,2024-12-20 09:53:58,Sad
Unknown,2024-12-20 09:53:59,Sad
Unknown,2024-12-20 09:53:59,Sad
Unknown,2024-12-20 09:54:00,Sad
Unknown,2024-12-20 09:54:03,Sad
Unknown,2024-12-20 09:54:04,Sad
Unknown,2024-12-20 09:54:04,Sad
Unknown,2024-12-20 09:54:04,Sad
Unknown,2024-12-20 09:54:05,Sad
Unknown,2024-12-20 09:54:05,Sad
Unknown,2024-12-20 09:54:06,Sad
Unknown,2024-12-20 09:54:06,Sad
Unknown,2024-12-20 09:54:07,Sad
Unknown,2024-12-20 09:54:07,Sad
Unknown,2024-12-20 09:54:08,Sad
Unknown,2024-12-20 09:54:08,Sad
Unknown,2024-12-20 09:54:09,Sad
Unknown,2024-12-20 09:54:10,Sad
Unknown,2024-12-20 09:54:10,Sad
Unknown,2024-12-20 09:54:11,Sad
Unknown,2024-12-20 09:54:11,Sad
Unknown,2024-12-20 09:54:12,Sad
Unknown,2024-12-20 09:54:12,Sad
Unknown,2024-12-20 09:54:13,Sad
Unknown,2024-12-20 09:54:13,Sad
Unknown,2024-12-20 09:54:14,Sad
Unknown,2024-12-20 09:54:14,Sad
Unknown,2024-12-20 09:54:15,Sad
Unknown,2024-12-20 09:54:16,Sad
Unknown,2024-12-20 09:54:16,Sad
Unknown,2024-12-20 09:54:17,Sad
Unknown,2024-12-20 09:54:17,Sad
Unknown,2024-12-20 09:54:18,Sad
Unknown,2024-12-20 09:54:18,Sad
Unknown,2024-12-20 09:54:19,Sad
Unknown,2024-12-20 09:54:19,Sad
Unknown,2024-12-20 09:54:20,Sad
Unknown,2024-12-20 09:54:20,Sad
Unknown,2024-12-20 09:54:21,Sad
Unknown,2024-12-20 09:54:21,Sad
Unknown,2024-12-20 09:54:22,Sad
Unknown,2024-12-20 09:54:23,Sad
Unknown,2024-12-20 09:54:23,Sad
Unknown,2024-12-20 09:54:24,Sad
Unknown,2024-12-20 09:54:24,Sad
Unknown,2024-12-20 09:54:25,Sad
Unknown,2024-12-20 09:54:26,Sad
Unknown,2024-12-20 09:54:27,Sad
Unknown,2024-12-20 09:54:28,Sad
Unknown,2024-12-20 09:54:29,Sad
Unknown,2024-12-20 09:54:29,Sad
Unknown,2024-12-20 09:54:32,Sad
Unknown,2024-12-20 09:54:32,Sad
Unknown,2024-12-20 09:54:33,Sad
Unknown,2024-12-20 09:54:33,Sad
Unknown,2024-12-20 09:54:34,Sad
Unknown,2024-12-20 09:54:35,Sad
Unknown,2024-12-20 09:54:36,Sad
Unknown,2024-12-20 09:54:39,Sad
Unknown,2024-12-20 09:54:39,Sad
Unknown,2024-12-20 09:54:45,Sad
Unknown,2024-12-20 09:54:45,Sad
Unknown,2024-12-20 09:54:49,Sad
Unknown,2024-12-20 09:54:52,Sad
Unknown,2024-12-20 09:54:55,Sad
Unknown,2024-12-20 09:54:56,Sad
Unknown,2024-12-20 09:54:56,Sad
Unknown,2024-12-20 09:54:57,Sad
Unknown,2024-12-20 09:54:57,Sad
Unknown,2024-12-20 09:54:57,Sad
Unknown,2024-12-20 09:54:58,Sad
Unknown,2024-12-20 09:54:59,Sad
Unknown,2024-12-20 09:55:00,Sad
Unknown,2024-12-20 09:55:01,Sad
Unknown,2024-12-20 09:55:04,Sad
Unknown,2024-12-20 09:55:07,Sad
Unknown,2024-12-20 09:55:09,Sad
Unknown,2024-12-20 09:55:10,Sad
Unknown,2024-12-20 09:55:11,Sad
Unknown,2024-12-20 09:55:15,Sad
Unknown,2024-12-20 09:55:16,Sad
Unknown,2024-12-20 09:55:16,Sad
Unknown,2024-12-20 09:55:17,Sad
Unknown,2024-12-20 09:55:19,Sad
Unknown,2024-12-20 09:55:20,Sad
Unknown,2024-12-20 09:55:20,Sad
Unknown,2024-12-20 09:55:21,Sad
Unknown,2024-12-20 09:55:21,Sad
Unknown,2024-12-20 09:55:22,Sad
Unknown,2024-12-20 09:55:22,Sad
Unknown,2024-12-20 09:55:23,Sad
Unknown,2024-12-20 09:55:23,Sad
Unknown,2024-12-20 09:55:24,Sad
Unknown,2024-12-20 09:55:26,Sad
Unknown,2024-12-20 09:55:28,Sad
Unknown,2024-12-20 09:55:28,Sad
Unknown,2024-12-20 09:55:29,Sad
Unknown,2024-12-20 09:55:29,Sad
Unknown,2024-12-20 09:55:30,Sad
Unknown,2024-12-20 09:55:30,Sad
Unknown,2024-12-20 09:55:31,Sad
Unknown,2024-12-20 09:55:31,Sad
Unknown,2024-12-20 09:55:31,Sad
Unknown,2024-12-20 09:55:32,Sad
Unknown,2024-12-20 09:55:32,Sad
Unknown,2024-12-20 09:55:33,Sad
Unknown,2024-12-20 09:55:33,Sad
Unknown,2024-12-20 09:55:34,Sad
Unknown,2024-12-20 09:55:34,Sad
Unknown,2024-12-20 09:55:35,Sad
Unknown,2024-12-20 09:55:35,Sad
Unknown,2024-12-20 09:55:36,Sad
Unknown,2024-12-20 09:55:36,Sad
Unknown,2024-12-20 09:55:37,Sad
Unknown,2024-12-20 09:55:37,Sad
Unknown,2024-12-20 09:55:38,Sad
Unknown,2024-12-20 09:55:38,Sad
Unknown,2024-12-20 09:55:39,Sad
Unknown,2024-12-20 09:55:39,Sad
Unknown,2024-12-20 09:55:40,Sad
Unknown,2024-12-20 09:55:40,Sad
Unknown,2024-12-20 09:55:41,Sad
Unknown,2024-12-20 09:55:41,Sad
Unknown,2024-12-20 09:55:41,Sad
Unknown,2024-12-20 09:55:42,Sad
Unknown,2024-12-20 09:55:42,Sad
Unknown,2024-12-20 09:55:43,Sad
Unknown,2024-12-20 09:55:43,Sad
Unknown,2024-12-20 09:55:44,Sad
Unknown,2024-12-20 09:55:44,Sad
Unknown,2024-12-20 09:55:45,Sad
Unknown,2024-12-20 09:55:45,Sad
Unknown,2024-12-20 09:55:46,Sad
Unknown,2024-12-20 09:55:46,Sad
Unknown,2024-12-20 09:55:47,Sad
Unknown,2024-12-20 09:55:47,Sad
Unknown,2024-12-20 09:55:48,Sad
Unknown,2024-12-20 09:55:48,Sad
Unknown,2024-12-20 09:55:49,Sad
Unknown,2024-12-20 09:55:49,Sad
Unknown,2024-12-20 09:55:50,Sad
Unknown,2024-12-20 09:55:50,Sad
Unknown,2024-12-20 09:55:51,Sad
Unknown,2024-12-20 09:55:51,Sad
Unknown,2024-12-20 09:55:51,Sad
Unknown,2024-12-20 09:55:52,Sad
Unknown,2024-12-20 09:55:53,Sad
Unknown,2024-12-20 09:55:54,Sad
Unknown,2024-12-20 09:55:56,Sad
Unknown,2024-12-20 09:55:57,Sad
Unknown,2024-12-20 09:55:58,Sad
Unknown,2024-12-20 09:55:59,Sad
Unknown,2024-12-20 09:55:59,Sad
Unknown,2024-12-20 09:56:00,Sad
Unknown,2024-12-20 09:56:00,Sad
Unknown,2024-12-20 09:56:01,Sad
Unknown,2024-12-20 09:56:01,Sad
Unknown,2024-12-20 09:56:02,Sad
Unknown,2024-12-20 09:56:02,Sad
Unknown,2024-12-20 09:56:03,Sad
Unknown,2024-12-20 09:56:03,Sad
Unknown,2024-12-20 09:56:03,Sad
Unknown,2024-12-20 09:56:04,Sad
Unknown,2024-12-20 09:56:04,Sad
Unknown,2024-12-20 09:56:05,Sad
Unknown,2024-12-20 09:56:05,Sad
Unknown,2024-12-20 09:56:06,Sad
Unknown,2024-12-20 09:56:06,Sad
Unknown,2024-12-20 09:56:07,Sad
Unknown,2024-12-20 09:56:07,Sad
Unknown,2024-12-20 09:56:08,Sad
Unknown,2024-12-20 09:56:08,Sad
Unknown,2024-12-20 09:56:09,Sad
Unknown,2024-12-20 09:56:09,Sad
Unknown,2024-12-20 09:56:10,Sad
Unknown,2024-12-20 09:56:10,Sad
Unknown,2024-12-20 09:56:11,Sad
Unknown,2024-12-20 09:56:11,Sad
Unknown,2024-12-20 09:56:12,Sad
Unknown,2024-12-20 09:56:12,Sad
Unknown,2024-12-20 09:56:13,Sad
Unknown,2024-12-20 09:56:13,Sad
Unknown,2024-12-20 09:56:14,Sad
Unknown,2024-12-20 09:56:14,Sad
Unknown,2024-12-20 09:56:14,Sad
Unknown,2024-12-20 09:56:15,Sad
Unknown,2024-12-20 09:56:15,Sad
Unknown,2024-12-20 09:56:16,Sad
Unknown,2024-12-20 09:56:16,Sad
Unknown,2024-12-20 09:56:17,Sad
Unknown,2024-12-20 09:56:17,Sad
Unknown,2024-12-20 09:56:18,Sad
Unknown,2024-12-20 09:56:18,Sad
Unknown,2024-12-20 09:56:19,Sad
Unknown,2024-12-20 09:56:20,Sad
Unknown,2024-12-20 09:56:21,Sad
Unknown,2024-12-20 09:56:21,Sad
Unknown,2024-12-20 09:56:21,Sad
Unknown,2024-12-20 09:56:22,Sad
Unknown,2024-12-20 09:56:22,Sad
Unknown,2024-12-20 09:56:23,Sad
Unknown,2024-12-20 09:56:23,Sad
Unknown,2024-12-20 09:56:24,Sad
Unknown,2024-12-20 09:56:24,Sad
Unknown,2024-12-20 09:56:25,Sad
Unknown,2024-12-20 09:56:25,Sad
Unknown,2024-12-20 09:56:26,Sad
Unknown,2024-12-20 09:56:26,Sad
Unknown,2024-12-20 09:56:27,Sad
Unknown,2024-12-20 09:56:27,Sad
Unknown,2024-12-20 09:56:28,Sad
Unknown,2024-12-20 09:56:28,Sad
Unknown,2024-12-20 09:56:29,Sad
Unknown,2024-12-20 09:56:29,Sad
Unknown,2024-12-20 09:56:30,Sad
Unknown,2024-12-20 09:56:30,Sad
Unknown,2024-12-20 09:56:35,Sad
Unknown,2024-12-20 09:56:37,Sad
Unknown,2024-12-20 09:56:38,Sad
Unknown,2024-12-20 09:56:40,Sad
Unknown,2024-12-20 09:56:41,Sad
Unknown,2024-12-20 09:56:41,Sad
Unknown,2024-12-20 09:56:42,Sad
Unknown,2024-12-20 09:56:42,Sad
Unknown,2024-12-20 09:56:43,Sad
Unknown,2024-12-20 09:56:43,Sad
Unknown,2024-12-20 09:56:44,Sad
Unknown,2024-12-20 09:56:44,Sad
Unknown,2024-12-20 09:56:45,Sad
Unknown,2024-12-20 09:56:45,Sad
Unknown,2024-12-20 09:56:46,Sad
Unknown,2024-12-20 09:56:46,Sad
Unknown,2024-12-20 09:56:47,Sad
Unknown,2024-12-20 09:56:47,Sad
Unknown,2024-12-20 09:56:48,Sad
Unknown,2024-12-20 09:56:48,Sad
Unknown,2024-12-20 09:56:49,Sad
Unknown,2024-12-20 09:56:49,Sad
Unknown,2024-12-20 09:56:50,Sad
Unknown,2024-12-20 09:56:50,Sad
Unknown,2024-12-20 09:56:51,Sad
Unknown,2024-12-20 09:56:51,Sad
Unknown,2024-12-20 09:56:52,Sad
Unknown,2024-12-20 09:56:52,Sad
Unknown,2024-12-20 09:56:53,Sad
Unknown,2024-12-20 09:56:53,Sad
Unknown,2024-12-20 09:56:54,Sad
Unknown,2024-12-20 09:56:54,Sad
Unknown,2024-12-20 09:56:55,Sad
Unknown,2024-12-20 09:56:55,Sad
Unknown,2024-12-20 09:56:56,Sad
Unknown,2024-12-20 09:56:56,Sad
Unknown,2024-12-20 09:56:57,Sad
Unknown,2024-12-20 09:56:57,Sad
Unknown,2024-12-20 09:56:57,Sad
Unknown,2024-12-20 09:56:58,Sad
Unknown,2024-12-20 09:56:58,Sad
Unknown,2024-12-20 09:56:59,Sad
Unknown,2024-12-20 09:56:59,Sad
Unknown,2024-12-20 09:57:00,Sad
Unknown,2024-12-20 09:57:00,Sad
Unknown,2024-12-20 09:57:01,Sad
Unknown,2024-12-20 09:57:01,Sad
Unknown,2024-12-20 09:57:02,Sad
Unknown,2024-12-20 09:57:02,Sad
Unknown,2024-12-20 09:57:03,Sad
Unknown,2024-12-20 09:57:03,Sad
Unknown,2024-12-20 09:57:05,Sad
Unknown,2024-12-20 09:57:05,Sad
Unknown,2024-12-20 09:57:06,Sad
Unknown,2024-12-20 09:57:06,Sad
Unknown,2024-12-20 09:57:06,Sad
Unknown,2024-12-20 09:57:07,Sad
Unknown,2024-12-20 09:57:07,Sad
Unknown,2024-12-20 09:57:08,Sad
Unknown,2024-12-20 09:57:08,Sad
Unknown,2024-12-20 09:57:09,Sad
Unknown,2024-12-20 09:57:09,Sad
Unknown,2024-12-20 09:57:10,Sad
Unknown,2024-12-20 09:57:10,Sad
Unknown,2024-12-20 09:57:11,Sad
Unknown,2024-12-20 09:57:11,Sad
Unknown,2024-12-20 09:57:12,Sad
Unknown,2024-12-20 09:57:12,Sad
Unknown,2024-12-20 09:57:12,Sad
Unknown,2024-12-20 09:57:13,Sad
Unknown,2024-12-20 09:57:13,Sad
Unknown,2024-12-20 09:57:14,Sad
Unknown,2024-12-20 09:57:14,Sad
Unknown,2024-12-20 09:57:15,Sad
Unknown,2024-12-20 09:57:15,Sad
Unknown,2024-12-20 09:57:16,Sad
Unknown,2024-12-20 09:57:16,Sad
Unknown,2024-12-20 09:57:17,Sad
Unknown,2024-12-20 09:57:17,Sad
Unknown,2024-12-20 09:57:18,Sad
Unknown,2024-12-20 09:57:21,Sad
Unknown,2024-12-20 09:57:22,Sad
Unknown,2024-12-20 09:57:23,Sad
Unknown,2024-12-20 09:57:23,Sad
Unknown,2024-12-20 09:57:24,Sad
Unknown,2024-12-20 09:57:25,Sad
Unknown,2024-12-20 09:57:27,Sad
Unknown,2024-12-20 09:57:28,Sad
Unknown,2024-12-20 09:57:33,Sad
Unknown,2024-12-20 09:57:33,Sad
Unknown,2024-12-20 09:57:34,Sad
Unknown,2024-12-20 09:57:34,Sad
Unknown,2024-12-20 09:57:37,Sad
Unknown,2024-12-20 09:57:40,Sad
Unknown,2024-12-20 09:57:40,Sad
Unknown,2024-12-20 09:57:41,Sad
Unknown,2024-12-20 09:57:41,Sad
Unknown,2024-12-20 09:57:42,Sad
Unknown,2024-12-20 09:57:42,Sad
Unknown,2024-12-20 09:57:43,Sad
Unknown,2024-12-20 09:57:43,Sad
Unknown,2024-12-20 09:57:45,Sad
Unknown,2024-12-20 09:57:45,Sad
Unknown,2024-12-20 09:57:45,Sad
Unknown,2024-12-20 09:57:46,Sad
Unknown,2024-12-20 09:57:46,Sad
Unknown,2024-12-20 09:57:47,Sad
Unknown,2024-12-20 09:57:47,Sad
Unknown,2024-12-20 09:57:48,Sad
Unknown,2024-12-20 09:57:48,Sad
Unknown,2024-12-20 09:57:49,Sad
Unknown,2024-12-20 09:57:49,Sad
Unknown,2024-12-20 09:57:50,Sad
Unknown,2024-12-20 09:57:50,Sad
Unknown,2024-12-20 09:57:50,Sad
Unknown,2024-12-20 09:57:51,Sad
Unknown,2024-12-20 09:57:51,Sad
Unknown,2024-12-20 09:57:52,Sad
Unknown,2024-12-20 09:57:52,Sad
Unknown,2024-12-20 09:57:53,Sad
Unknown,2024-12-20 09:57:53,Sad
Unknown,2024-12-20 09:57:54,Sad
Unknown,2024-12-20 09:57:54,Sad
Unknown,2024-12-20 09:57:55,Sad
Unknown,2024-12-20 09:57:55,Sad
Unknown,2024-12-20 09:57:55,Sad
Unknown,2024-12-20 09:57:56,Sad
Unknown,2024-12-20 09:57:56,Sad
Unknown,2024-12-20 09:57:57,Sad
Unknown,2024-12-20 09:57:57,Sad
Unknown,2024-12-20 09:57:58,Sad
Unknown,2024-12-20 09:57:58,Sad
Unknown,2024-12-20 09:57:59,Sad
Unknown,2024-12-20 09:57:59,Sad
Unknown,2024-12-20 09:58:00,Sad
Unknown,2024-12-20 09:58:00,Sad
Unknown,2024-12-20 09:58:01,Sad
Unknown,2024-12-20 09:58:01,Sad
Unknown,2024-12-20 09:58:02,Sad
Unknown,2024-12-20 09:58:02,Sad
Unknown,2024-12-20 09:58:02,Sad
Unknown,2024-12-20 09:58:03,Sad
Unknown,2024-12-20 09:58:03,Sad
Unknown,2024-12-20 09:58:04,Sad
Unknown,2024-12-20 09:58:04,Sad
Unknown,2024-12-20 09:58:05,Sad
Unknown,2024-12-20 09:58:05,Sad
Unknown,2024-12-20 09:58:06,Sad
Unknown,2024-12-20 09:58:06,Sad
Unknown,2024-12-20 09:58:06,Sad
Unknown,2024-12-20 09:58:07,Sad
Unknown,2024-12-20 09:58:07,Sad
Unknown,2024-12-20 09:58:08,Sad
Unknown,2024-12-20 09:58:08,Sad
Unknown,2024-12-20 09:58:09,Sad
Unknown,2024-12-20 09:58:09,Sad
Unknown,2024-12-20 09:58:10,Sad
Unknown,2024-12-20 09:58:10,Sad
Unknown,2024-12-20 09:58:11,Sad
Unknown,2024-12-20 09:58:11,Sad
Unknown,2024-12-20 09:58:12,Sad
Unknown,2024-12-20 09:58:13,Sad
Unknown,2024-12-20 09:58:13,Sad
Unknown,2024-12-20 09:58:14,Sad
Unknown,2024-12-20 09:58:14,Sad
Unknown,2024-12-20 09:58:15,Sad
Unknown,2024-12-20 09:58:15,Sad
Unknown,2024-12-20 09:58:15,Sad
Unknown,2024-12-20 09:58:16,Sad
Unknown,2024-12-20 09:58:16,Sad
Unknown,2024-12-20 09:58:17,Sad
Unknown,2024-12-20 09:58:17,Sad
Unknown,2024-12-20 09:58:18,Sad
Unknown,2024-12-20 09:58:18,Sad
Unknown,2024-12-20 09:58:19,Sad
Unknown,2024-12-20 09:58:19,Sad
Unknown,2024-12-20 09:58:20,Sad
Unknown,2024-12-20 09:58:21,Sad
Unknown,2024-12-20 09:58:21,Sad
Unknown,2024-12-20 09:58:22,Sad
Unknown,2024-12-20 09:58:22,Sad
Unknown,2024-12-20 09:58:23,Sad
Unknown,2024-12-20 09:58:23,Sad
Unknown,2024-12-20 09:58:24,Sad
Unknown,2024-12-20 09:58:24,Sad
Unknown,2024-12-20 09:58:25,Sad
Unknown,2024-12-20 09:58:25,Sad
Unknown,2024-12-20 09:58:25,Sad
Unknown,2024-12-20 09:58:26,Sad
Unknown,2024-12-20 09:58:26,Sad
Unknown,2024-12-20 09:58:27,Sad
Unknown,2024-12-20 09:58:27,Sad
Unknown,2024-12-20 09:58:28,Sad
Unknown,2024-12-20 09:58:28,Sad
Unknown,2024-12-20 09:58:29,Sad
Unknown,2024-12-20 09:58:29,Sad
Unknown,2024-12-20 09:58:30,Sad
Unknown,2024-12-20 09:58:30,Sad
Unknown,2024-12-20 09:58:30,Sad
Unknown,2024-12-20 09:58:31,Sad
Unknown,2024-12-20 09:58:31,Sad
Unknown,2024-12-20 09:58:32,Sad
Unknown,2024-12-20 09:58:32,Sad
Unknown,2024-12-20 09:58:33,Sad
Unknown,2024-12-20 09:58:33,Sad
Unknown,2024-12-20 09:58:34,Sad
Unknown,2024-12-20 09:58:34,Sad
Unknown,2024-12-20 09:58:36,Sad
Unknown,2024-12-20 09:58:36,Sad
Unknown,2024-12-20 09:58:37,Sad
Unknown,2024-12-20 09:58:38,Sad
Unknown,2024-12-20 09:58:38,Sad
Unknown,2024-12-20 09:58:39,Sad
Unknown,2024-12-20 09:58:39,Sad
Unknown,2024-12-20 09:58:40,Sad
Unknown,2024-12-20 09:58:40,Sad
Unknown,2024-12-20 09:58:41,Sad
Unknown,2024-12-20 09:58:42,Sad
Unknown,2024-12-20 09:58:42,Sad
Unknown,2024-12-20 09:58:42,Sad
Unknown,2024-12-20 09:58:43,Sad
Unknown,2024-12-20 09:58:43,Sad
Unknown,2024-12-20 09:58:44,Sad
Unknown,2024-12-20 09:58:44,Sad
Unknown,2024-12-20 09:58:45,Sad
Unknown,2024-12-20 09:58:45,Sad
Unknown,2024-12-20 09:58:46,Sad
Unknown,2024-12-20 09:58:46,Sad
Unknown,2024-12-20 09:58:47,Sad
Unknown,2024-12-20 09:58:47,Sad
Unknown,2024-12-20 09:58:48,Sad
Unknown,2024-12-20 09:58:48,Sad
Unknown,2024-12-20 09:58:49,Sad
Unknown,2024-12-20 09:58:49,Sad
Unknown,2024-12-20 09:58:50,Sad
Unknown,2024-12-20 09:58:50,Sad
Unknown,2024-12-20 09:58:51,Sad
Unknown,2024-12-20 09:58:51,Sad
Unknown,2024-12-20 09:58:54,Sad
Unknown,2024-12-20 09:58:55,Sad
Unknown,2024-12-20 09:58:55,Sad
Unknown,2024-12-20 09:58:56,Sad
Unknown,2024-12-20 09:58:56,Sad
Unknown,2024-12-20 09:58:57,Sad
Unknown,2024-12-20 09:58:57,Sad
Unknown,2024-12-20 09:58:58,Sad
Unknown,2024-12-20 09:58:58,Sad
Unknown,2024-12-20 09:58:58,Sad
Unknown,2024-12-20 09:58:59,Sad
Unknown,2024-12-20 09:58:59,Sad
Unknown,2024-12-20 09:59:00,Sad
Unknown,2024-12-20 09:59:00,Sad
Unknown,2024-12-20 09:59:01,Sad
Unknown,2024-12-20 09:59:01,Sad
Unknown,2024-12-20 09:59:01,Sad
Unknown,2024-12-20 09:59:02,Sad
Unknown,2024-12-20 09:59:02,Sad
Unknown,2024-12-20 09:59:03,Sad
Unknown,2024-12-20 09:59:03,Sad
Unknown,2024-12-20 09:59:04,Sad
Unknown,2024-12-20 09:59:04,Sad
Unknown,2024-12-20 09:59:05,Sad
Unknown,2024-12-20 09:59:05,Sad
Unknown,2024-12-20 09:59:06,Sad
Unknown,2024-12-20 09:59:06,Sad
Unknown,2024-12-20 09:59:07,Sad
Unknown,2024-12-20 09:59:10,Sad
Unknown,2024-12-20 09:59:11,Sad
Unknown,2024-12-20 09:59:11,Sad
Unknown,2024-12-20 09:59:12,Sad
Unknown,2024-12-20 09:59:13,Sad
Unknown,2024-12-20 09:59:13,Sad
Unknown,2024-12-20 09:59:14,Sad
Unknown,2024-12-20 09:59:14,Sad
Unknown,2024-12-20 09:59:15,Sad
Unknown,2024-12-20 09:59:15,Sad
Unknown,2024-12-20 09:59:16,Sad
Unknown,2024-12-20 09:59:16,Sad
Unknown,2024-12-20 09:59:17,Sad
Unknown,2024-12-20 09:59:17,Sad
Unknown,2024-12-20 09:59:17,Sad
Unknown,2024-12-20 09:59:18,Sad
Unknown,2024-12-20 09:59:18,Sad
Unknown,2024-12-20 09:59:19,Sad
Unknown,2024-12-20 09:59:19,Sad
Unknown,2024-12-20 09:59:20,Sad
Unknown,2024-12-20 09:59:20,Sad
Unknown,2024-12-20 09:59:20,Sad
Unknown,2024-12-20 09:59:21,Sad
Unknown,2024-12-20 09:59:21,Sad
Unknown,2024-12-20 09:59:22,Sad
Unknown,2024-12-20 09:59:22,Sad
Unknown,2024-12-20 09:59:23,Sad
Unknown,2024-12-20 09:59:23,Sad
Unknown,2024-12-20 09:59:24,Sad
Unknown,2024-12-20 09:59:24,Sad
Unknown,2024-12-20 09:59:24,Sad
Unknown,2024-12-20 09:59:25,Sad
Unknown,2024-12-20 09:59:25,Sad
Unknown,2024-12-20 09:59:26,Sad
Unknown,2024-12-20 09:59:26,Sad
Unknown,2024-12-20 09:59:27,Sad
Unknown,2024-12-20 09:59:27,Sad
Unknown,2024-12-20 09:59:28,Sad
Unknown,2024-12-20 09:59:28,Sad
Unknown,2024-12-20 09:59:28,Sad
Unknown,2024-12-20 09:59:29,Sad
Unknown,2024-12-20 09:59:29,Sad
Unknown,2024-12-20 09:59:30,Sad
Unknown,2024-12-20 09:59:30,Sad
Unknown,2024-12-20 09:59:31,Sad
Unknown,2024-12-20 09:59:31,Sad
Unknown,2024-12-20 09:59:32,Sad
Unknown,2024-12-20 09:59:32,Sad
Unknown,2024-12-20 09:59:32,Sad
Unknown,2024-12-20 09:59:33,Sad
Unknown,2024-12-20 09:59:33,Sad
Unknown,2024-12-20 09:59:34,Sad
Unknown,2024-12-20 09:59:34,Sad
Unknown,2024-12-20 09:59:35,Sad
Unknown,2024-12-20 09:59:35,Sad
Unknown,2024-12-20 09:59:36,Sad
Unknown,2024-12-20 09:59:36,Sad
Unknown,2024-12-20 09:59:37,Sad
Unknown,2024-12-20 09:59:38,Sad
Unknown,2024-12-20 09:59:38,Sad
Unknown,2024-12-20 09:59:39,Sad
Unknown,2024-12-20 09:59:39,Sad
Unknown,2024-12-20 09:59:40,Sad
Unknown,2024-12-20 09:59:40,Sad
Unknown,2024-12-20 09:59:41,Sad
Unknown,2024-12-20 09:59:41,Sad
Unknown,2024-12-20 09:59:42,Sad
Unknown,2024-12-20 09:59:43,Sad
Unknown,2024-12-20 09:59:43,Sad
Unknown,2024-12-20 09:59:44,Sad
Unknown,2024-12-20 09:59:45,Sad
Unknown,2024-12-20 09:59:45,Sad
Unknown,2024-12-20 09:59:46,Sad
Unknown,2024-12-20 09:59:47,Sad
Unknown,2024-12-20 09:59:47,Sad
Unknown,2024-12-20 09:59:48,Sad
Unknown,2024-12-20 09:59:48,Sad
Unknown,2024-12-20 09:59:49,Sad
Unknown,2024-12-20 09:59:49,Sad
Unknown,2024-12-20 09:59:50,Sad
Unknown,2024-12-20 09:59:51,Sad
Unknown,2024-12-20 09:59:52,Sad
Unknown,2024-12-20 09:59:52,Sad
Unknown,2024-12-20 09:59:53,Sad
Unknown,2024-12-20 09:59:53,Sad
Unknown,2024-12-20 09:59:54,Sad
Unknown,2024-12-20 09:59:54,Sad
Unknown,2024-12-20 09:59:55,Sad
Unknown,2024-12-20 09:59:55,Sad
Unknown,2024-12-20 09:59:56,Sad
Unknown,2024-12-20 09:59:56,Sad
Unknown,2024-12-20 09:59:57,Sad
Unknown,2024-12-20 09:59:57,Sad
Unknown,2024-12-20 09:59:58,Sad
Unknown,2024-12-20 09:59:58,Sad
Unknown,2024-12-20 09:59:59,Sad
Unknown,2024-12-20 09:59:59,Sad
Unknown,2024-12-20 10:00:00,Sad
Unknown,2024-12-20 10:00:00,Sad
Unknown,2024-12-20 10:00:01,Sad
Unknown,2024-12-20 10:00:01,Sad
Unknown,2024-12-20 10:00:02,Sad
Unknown,2024-12-20 10:00:02,Sad
Unknown,2024-12-20 10:00:03,Sad
Unknown,2024-12-20 10:00:03,Sad
Unknown,2024-12-20 10:00:03,Sad
Unknown,2024-12-20 10:00:04,Sad
Unknown,2024-12-20 10:00:04,Sad
Unknown,2024-12-20 10:00:05,Sad
Unknown,2024-12-20 10:00:05,Sad
Unknown,2024-12-20 10:00:06,Sad
Unknown,2024-12-20 10:00:06,Sad
Unknown,2024-12-20 10:00:07,Sad
Unknown,2024-12-20 10:00:07,Sad
Unknown,2024-12-20 10:00:08,Sad
Unknown,2024-12-20 10:00:08,Sad
Unknown,2024-12-20 10:00:08,Sad
Unknown,2024-12-20 10:00:09,Sad
Unknown,2024-12-20 10:00:09,Sad
Unknown,2024-12-20 10:00:10,Sad
Unknown,2024-12-20 10:00:10,Sad
Unknown,2024-12-20 10:00:11,Sad
Unknown,2024-12-20 10:00:11,Sad
Unknown,2024-12-20 10:00:13,Sad
Unknown,2024-12-20 10:00:13,Sad
Unknown,2024-12-20 10:00:14,Sad
Unknown,2024-12-20 10:00:14,Sad
Unknown,2024-12-20 10:00:15,Sad
Unknown,2024-12-20 10:00:15,Sad
Unknown,2024-12-20 10:00:16,Sad
Unknown,2024-12-20 10:00:16,Sad
Unknown,2024-12-20 10:00:17,Sad
Unknown,2024-12-20 10:00:18,Sad
Unknown,2024-12-20 10:00:18,Sad
Unknown,2024-12-20 10:00:19,Sad
Unknown,2024-12-20 10:00:21,Sad
Unknown,2024-12-20 10:00:22,Sad
Unknown,2024-12-20 10:00:23,Sad
Unknown,2024-12-20 10:00:24,Sad
Unknown,2024-12-20 10:00:24,Sad
Unknown,2024-12-20 10:00:25,Sad
Unknown,2024-12-20 10:00:25,Sad
Unknown,2024-12-20 10:00:26,Sad
Unknown,2024-12-20 10:00:27,Sad
Unknown,2024-12-20 10:00:27,Sad
Unknown,2024-12-20 10:00:27,Sad
Unknown,2024-12-20 10:00:28,Sad
Unknown,2024-12-20 10:00:28,Sad
Unknown,2024-12-20 10:00:29,Sad
Unknown,2024-12-20 10:00:29,Sad
Unknown,2024-12-20 10:00:30,Sad
Unknown,2024-12-20 10:00:30,Sad
Unknown,2024-12-20 10:00:31,Sad
Unknown,2024-12-20 10:00:31,Sad
Unknown,2024-12-20 10:00:31,Sad
Unknown,2024-12-20 10:00:32,Sad
Unknown,2024-12-20 10:00:32,Sad
Unknown,2024-12-20 10:00:33,Sad
Unknown,2024-12-20 10:00:33,Sad
Unknown,2024-12-20 10:00:35,Sad
Unknown,2024-12-20 10:00:36,Sad
Unknown,2024-12-20 10:00:36,Sad
Unknown,2024-12-20 10:00:45,Sad
Unknown,2024-12-20 10:00:47,Sad
Unknown,2024-12-20 10:00:47,Sad
Unknown,2024-12-20 10:00:48,Sad
Unknown,2024-12-20 10:00:48,Sad
Unknown,2024-12-20 10:00:49,Sad
Unknown,2024-12-20 10:00:49,Sad
Unknown,2024-12-20 10:00:50,Sad
Unknown,2024-12-20 10:00:50,Sad
Unknown,2024-12-20 10:00:50,Sad
Unknown,2024-12-20 10:00:51,Sad
Unknown,2024-12-20 10:00:56,Sad
Unknown,2024-12-20 10:00:57,Sad
Unknown,2024-12-20 10:00:57,Sad
Unknown,2024-12-20 10:00:58,Sad
